{"Naive Bayes": 0.9731543624161074, "SVM": 0.9798657718120806, "Random Forest": 0.9563758389261745, "Logistic Regression": 0.9697986577181208}